{"assets/fonts/segoeui.ttf":["assets/fonts/segoeui.ttf"],"assets/fonts/seguisb.ttf":["assets/fonts/seguisb.ttf"],"assets/icons/20230820_092120_0000.png":["assets/icons/20230820_092120_0000.png"],"assets/icons/Learnigram_20230824_152520_0000.png":["assets/icons/Learnigram_20230824_152520_0000.png"],"assets/icons/Learnigram_20230824_152739_0000.png":["assets/icons/Learnigram_20230824_152739_0000.png"],"assets/icons/Learnigram_20230824_152936_0000.png":["assets/icons/Learnigram_20230824_152936_0000.png"],"assets/icons/aboutus.svg":["assets/icons/aboutus.svg"],"assets/icons/app_logo.png":["assets/icons/app_logo.png"],"assets/icons/darkmode.svg":["assets/icons/darkmode.svg"],"assets/icons/document-text-svgrepo-com.svg":["assets/icons/document-text-svgrepo-com.svg"],"assets/icons/education-cap-svgrepo-com.svg":["assets/icons/education-cap-svgrepo-com.svg"],"assets/icons/groups-svgrepo-com.svg":["assets/icons/groups-svgrepo-com.svg"],"assets/icons/home_dark.json":["assets/icons/home_dark.json"],"assets/icons/home_light.json":["assets/icons/home_light.json"],"assets/icons/no_internet.svg":["assets/icons/no_internet.svg"],"assets/icons/onboarding_a.svg":["assets/icons/onboarding_a.svg"],"assets/icons/onboarding_a_def.svg":["assets/icons/onboarding_a_def.svg"],"assets/icons/onboarding_b.svg":["assets/icons/onboarding_b.svg"],"assets/icons/onboarding_b_def.svg":["assets/icons/onboarding_b_def.svg"],"assets/icons/onboarding_c.svg":["assets/icons/onboarding_c.svg"],"assets/icons/onboarding_c_def.svg":["assets/icons/onboarding_c_def.svg"],"assets/icons/privacy.svg":["assets/icons/privacy.svg"],"assets/icons/rateus.svg":["assets/icons/rateus.svg"],"assets/icons/search_dark.json":["assets/icons/search_dark.json"],"assets/icons/search_light.json":["assets/icons/search_light.json"],"assets/icons/settings_dark.json":["assets/icons/settings_dark.json"],"assets/icons/settings_light.json":["assets/icons/settings_light.json"],"assets/icons/share.svg":["assets/icons/share.svg"],"assets/icons/shopping-bag-svgrepo-com.svg":["assets/icons/shopping-bag-svgrepo-com.svg"],"assets/icons/splash_icon.svg":["assets/icons/splash_icon.svg"],"assets/icons/splash_logo.svg":["assets/icons/splash_logo.svg"],"assets/icons/splash_logo1.svg":["assets/icons/splash_logo1.svg"],"assets/icons/splash_screen.svg":["assets/icons/splash_screen.svg"],"assets/icons/terms.svg":["assets/icons/terms.svg"],"assets/icons/website.svg":["assets/icons/website.svg"],"packages/cupertino_icons/assets/CupertinoIcons.ttf":["packages/cupertino_icons/assets/CupertinoIcons.ttf"],"packages/flutter_inappwebview/assets/t_rex_runner/t-rex.css":["packages/flutter_inappwebview/assets/t_rex_runner/t-rex.css"],"packages/flutter_inappwebview/assets/t_rex_runner/t-rex.html":["packages/flutter_inappwebview/assets/t_rex_runner/t-rex.html"]}